id,sign
g5198,0
g9125,0
g3693,0
g9035,0
g8430,0
g6816,0
g9122,0
g5984,0
g6554,0
g1361,0
g4395,0
g2337,0
g8216,0
g1953,0
g2972,0
g9217,0
g5072,0
g6216,0
g5093,0
g5392,0
g2797,0
g2727,0
g8494,0
g2616,0
g2007,0
g7059,0
g1533,0
g9014,0
g2708,0
g3439,0
g4851,0
g3189,0
g9003,0
g4390,0
g1699,0
g3683,0
g126,0
g3126,0
g9037,0
g247,0
g1649,0
g775,0
g4545,0
g241,0
g6491,0
g9170,0
g2542,0
g9120,0
g3287,0
g7348,0
g8508,0
g4381,0
g7258,0
g4235,0
g9067,0
g6924,0
g6215,0
g1351,0
g3175,0
g3978,0
g6848,0
g3931,0
g8370,0
g8188,0
g9016,0
g9173,0
g1532,0
g6606,0
g3083,0
g9036,0
g4671,0
g7628,0
g4038,0
g6574,0
g747,0
g246,0
g9022,0
g2623,0
g7951,0
g4739,0
g8358,0
g299,0
g5894,0
g9027,0
g4546,0
g2636,0
g301,0
g1240,0
g4691,0
g4229,0
g9118,0
g128,0
g2614,0
g9179,0
g1239,0
g6214,0
g8568,0
g3973,0
g2361,0
g5998,0
g2005,0
g6709,0
g2635,0
g7662,0
g4384,0
g8733,0
g3793,0
g7875,0
g3784,0
g627,0
g2617,0
g6887,0
g7832,0
g5369,0
g3071,0
g728,0
g4385,0
g7955,0
g6339,0
g5091,0
g2821,0
g3072,0
g1498,0
g2006,0
g2244,0
g2203,0
g8115,0
g7343,0
g4389,0
g3230,0
g5856,0
g6633,0
g58,0
g763,0
g3478,0
g7956,0
g2841,0
g4066,0
g3730,0
g738,0
g6881,0
g3715,0
g4387,0
g5757,0
g4492,0
g5539,0
g9013,0
g5900,0
g724,0
g7724,0
g5892,0
g4105,0
g1162,0
g1479,0
g2980,0
g4554,0
g5534,0
g7686,0
g7483,0
g6569,0
g5291,0
g1963,0
g6693,0
g6861,0
g3280,0
g6852,0
g4968,0
g4100,0
g7949,0
g2739,0
g868,0
g4743,0
g4359,0
g122,0
g6684,0
g7329,0
g1960,0
g5390,0
g4167,0
g8399,0
g4339,0
g3290,0
g2237,0
g221,0
g7007,0
g8913,0
g999,0
g7266,0
g7366,0
g7557,0
g8084,0
g761,0
g5726,0
g3341,0
g8083,0
g8089,0
g3107,0
g1107,0
g3403,0
g8400,0
g7805,0
g2416,0
g3208,0
g3021,0
g1578,0
g2843,0
g229,0
g623,0
g5018,0
g1906,0
g963,0
g5928,0
g1245,0
g8821,0
g872,0
g5269,0
g6454,0
g7278,0
g8088,0
g4340,0
g5471,0
g4503,0
g6051,0
g4349,0
g2076,0
g5458,0
g7732,0
g8065,0
g2977,0
g8949,0
g3630,0
g7591,0
g5637,0
g485,0
g6710,0
g2830,0
g7803,0
g3385,0
g7293,0
g4865,0
g1666,0
g1380,0
g6035,0
g2684,0
g1714,0
g5338,0
g6050,0
g7654,0
g9174,0
g2267,0
g3210,0
g2333,0
g860,0
g4600,0
g5618,0
g3539,0
g762,0
g306,0
g8856,0
g2368,0
g633,0
g3885,0
g2046,0
g6514,0
g5265,0
g6609,0
g1476,0
g8090,0
g858,0
g6256,0
g5263,0
g2683,0
g2613,0
g2558,0
g3388,0
g4680,0
g1799,0
g8850,0
g6379,0
g8648,0
g2249,0
g1630,0
g3389,0
g7314,0
g6438,0
g871,0
g575,0
g8251,0
g8112,0
g8020,0
g5543,0
g16,0
g3550,0
g143,0
g3862,0
g155,0
g7767,0
g348,0
g4280,0
g142,0
g7883,0
g3481,0
g3934,0
g543,0
g2073,0
g2245,0
g66,0
g4734,0
g2463,0
g8063,0
g4990,0
g5368,0
g4009,0
g5217,0
g1800,0
g206,0
g7297,0
g1036,0
g7112,0
g3933,0
g8403,0
g6380,0
g8204,0
g8524,0
g1773,0
g4138,0
g5653,0
g8884,0
g2051,0
g1775,0
g4202,0
g8252,0
g6799,0
g7194,0
g864,0
g1148,0
g6069,0
g1272,0
g8151,0
g3949,0
g7407,0
g6546,0
g8690,0
g5160,0
g82,0
g5443,0
g1774,0
g9167,0
g3706,0
g9043,0
g7811,0
g3143,0
g2481,0
g8284,0
g1680,0
g6544,0
g8785,0
g7145,0
g6589,0
g263,0
g2550,0
g3424,0
g7289,0
g3219,0
g5008,0
g8209,0
g5341,0
g7272,0
g9010,0
g788,0
g7383,0
g3601,0
g5346,0
g8651,0
g3432,0
g4194,0
g2609,0
g1975,0
g5294,0
g106,0
g3025,0
g2304,0
g305,0
g4808,0
g7558,0
g5782,0
g3932,0
g7280,0
g6901,0
g6791,0
g1777,0
g6962,0
g2897,0
g6293,0
g4912,0
g27,0
g5007,0
g146,0
g6171,0
g1669,0
g7621,0
g3705,0
g1613,0
g555,0
g1755,0
g6560,0
g2322,0
g6190,0
g3256,0
g2138,0
g3983,0
g8230,0
g8883,0
g832,0
g8014,0
g6006,0
g8650,0
g1896,0
g3711,0
g261,0
g7485,0
g6425,0
g297,0
g643,0
g8940,0
g7056,0
g3734,0
g7950,0
g1352,0
g6408,0
g5197,0
g6987,0
g7897,0
g7898,0
g546,0
g8600,0
g906,0
g2349,0
g4341,0
g843,0
g8086,0
g1936,0
g2165,0
g590,0
g1805,0
g831,0
g2316,0
g422,0.715092763551007
g8833,0.629260658354449
g6796,0.946313130247587
g898,0.95301736858387
g1754,0.9528731990409
g1752,0.934106606073508
g3592,0.950437478024272
g7163,0.896824976200465
g5934,0.938754713699436
g4919,0.592849960927988
g7387,0.940247208344767
g1940,0.717485420358588
g9194,0.577773159642421
g8469,0.792862031092528
g6015,0.705961291683755
g5191,0.930519610703637
g4714,0.754911013009358
g767,0.730278376138363
g7524,0.884963743842807
g1768,0.513048178912935
g7386,0.850211442368001
g8338,0.302995932275351
g5926,0.627894356844222
g1120,0.33133871898637
g9192,0.440982913509122
g6680,0.469213298331465
g1731,0.785297319182665
g6138,0.713932881659312
g7037,0.834111765201177
g7595,0.725027517325816
g8040,0.851774482824952
g3881,0.744227235783298
g4753,0.709246309453464
g9196,0.374295632389967
g8107,0.697982365637299
g6329,0.733553549473829
g755,0.686464441190789
g9034,0.827707106550914
g2813,0.69797476611051
g458,0.506190034038104
g2769,0.470766983183174
g8629,0.754436378449273
g8103,0.418885237344744
g454,0.565600183949814
g7593,0.691935000595669
g4394,0.8758096498876
g6588,0.222146610300815
g7035,0.66960292398152
g4330,0.439798989084963
g8329,0.743952660641289
g1977,0.511676442139441
g460,0.41649658029477
g3524,0.43172445859627
g4175,0.729655180004581
g5256,0.414789726925607
g285,0.497370583188797
g8534,0.48142980779492
g8530,0.559468345772668
g2669,0.559564320398512
g6040,0.654026740230932
g6312,0.264842687436024
g977,0.553701629470385
g5364,0.626395002472378
g4911,0.376067446260718
g8573,0.342835802364594
g459,0.333988629745478
g6320,0.592924124672766
g5635,0.756992960786196
g1445,0.504038987979594
g5829,0.584986160909655
g1251,0.628661771436261
g4749,0.629690866921277
g3101,0.53130852931148
g1477,0.702192307582668
g2275,0.707956280398586
g6304,0.377805668641127
g3642,0.261089388131308
g5376,0.532484990641701
g9206,0.553293345366405
g4925,0.404247674276039
g2282,0.663466328831795
g152,0.566793347949953
g4407,0.537606931734149
g6735,0.745997433591153
g2276,0.443541891275573
g5878,0.496750140756849
g5756,0.266688129940251
g1743,0.693382998526576
g1790,0.646305050741115
g1612,0.380719576771962
g9093,0.355983265684073
g5247,0.559214226131073
g38,0.40527985981991
g6732,0.625499735404699
g6327,0.431611353225018
g421,0.34183870104259
g6193,0.554845161572703
g2908,0.45920927915886
g507,0.398451590287157
g1254,0.38475164013184
g3812,0.496688092847839
g978,0.397260556836606
g842,0
g7143,0
g1285,0
g5229,0
g4198,0
g7008,0
g3839,0
g7370,0
g802,0
g2937,0
g9050,0
g4677,0
g1213,0
g5550,0
g7506,0
g288,0
g2097,0
g269,0
g7916,0
g741,0
g6883,0
g6509,0
g289,0
g2137,0
g9052,0
g1202,0
g8080,0
g2217,0
g200,0
g8217,0
g4236,0
g2795,0
g1992,0
g4766,0
g3678,0
g3415,0
g3736,0
g1246,0
g345,0
g5109,0
g8295,0
g1473,0
g7615,0
g5725,0
g354,0
g3528,0
g4107,0
g3161,0
g1616,0
g4802,0
g1765,0
g5788,0
g1426,0
g7131,0
g1300,0
g6827,0
g214,0
g1958,0
g3246,0
g2464,0
g3244,0
g5778,0
g7273,0
g2472,0
g5868,0
g3805,0
g5133,0
g7718,0
g2113,0
g7276,0
g8922,0
g5278,0
g204,0
g4678,0
g8116,0
g9231,0
g3032,0
g400,0
g4288,0
g7869,0
g3423,0
g5486,0
g112,0
g6143,0
g1460,0
g7821,0
g2454,0
g493,0
g8735,0
g8152,0
g6970,0
g5480,0
g6523,0
g6947,0
g3466,0
g8212,0
g2704,0
g4694,0
g6654,0
g6358,0
g7277,0
g6648,0
g445,0
g6986,0
g865,0
g3029,0
g7287,0
g3768,0
g3179,0
g6763,0
g8039,0
g7498,0
g1029,0
g598,0
g1343,0
g596,0
g1857,0
g1030,0
g5389,0
g2642,0
g4298,0
g7739,0
g2072,0
g2417,0
g4738,0
g338,0
g8756,0
g3744,0
g1889,0
g7331,0
g7451,0
g5301,0
g7001,0
g877,0
g7268,0
g7080,0
g880,0
g4947,0
g6032,0
g4324,0
g1873,0
g337,0
g3040,0
g1871,0
g6721,0
g7849,0
g344,0
g7123,0
g8786,0
g2332,0
g1710,0
g93,0
g6283,0
g7333,0
g8488,0
g9248,0
g1247,0
g2134,0
g104,0
g699,0
g6900,0
g2593,0
g6661,0
g8276,0
g6236,0
g210,0
g1051,0
g7760,0
g7465,0
g4986,0
g6418,0
g1957,0
g6458,0
g6723,0
g2117,0
g6010,0
g7809,0
g8754,0
g2219,0
g6265,0
g6465,0
g5847,0
g9018,0
g4106,0
g135,0
g3677,0
g6565,0
g6262,0
g5716,0
g8327,0
g6450,0
g4468,0
g7212,0
g4145,0
g7968,0
g8186,0
g6632,0
g7382,0
g2455,0
g8618,0
g2331,0
g5857,0
g197,0
g1385,0
g5186,0
g4133,0
g2458,0
g8663,0
g5401,0
g8589,0
g3886,0
g7975,0
g4899,0
g9057,0
g5531,0
g8766,0
g2024,0
g6170,0
g491,0
g571,0
g4561,0
g5333,0
g5036,0
g8443,0
g6117,0
g8987,0
g3899,0
g6619,0
g5046,0
g7227,0
g7226,0
g3194,0
g998,0
g7470,0
g6671,0
g6704,0
g7378,0
g7584,0
g9106,0
g4168,0
g9142,0
g882,0
g7571,0
g1995,0
g9132,0
g8450,0
g7824,0
g9158,0
g9107,0
g8440,0
g8986,0
g9143,0
g2462,0
g3906,0
g1830,0
g6114,0
g3985,0
g5914,0
g3935,0
g3939,0
g3986,0
g5146,0
g6629,0
g183,0
g3480,0
g698,0
g8140,0
g3991,0
g8441,0
g8926,0
g5823,0
g991,0
g6786,0
g3687,0
g4190,0
g7851,0
g9114,0
g5530,0
g703,0
g1297,0
g995,0
g3988,0
g993,0
g1260,0
g5497,0
g8211,0
g1662,0
g687,0
g2750,0
g667,0
g3685,0
g4022,0
g5435,0
g870,0
g1663,0
g8409,0
g8036,0
g5697,0
g4094,0
g8219,0
g1760,0
g3814,0
g2771,0
g1103,0
g7734,0
g429,0
g4099,0
g432,0
g8168,0
g1759,0
g4093,0
g834,0
g5935,0
g5819,0
g2054,0
g1914,0
g7607,0
g4228,0
g6650,0
g4110,0
g5082,0
g7730,0
g6608,0
g4316,0
g3875,0
g8710,0
g4092,0
g8300,0
g415,0
g99,0
g2588,0
g2863,0
g6876,0
g4809,0
g1279,0
g2064,0
g4573,0
g4127,0
g8406,0
g5394,0
g6993,0
g8432,0
g4210,0
g5395,0
g2702,0
g2538,0
g3916,0
g3674,0
g5098,0
g444,0
g6977,0
g8772,0
g4575,0
g2886,0
g2678,0
g2059,0
g1764,0
g5975,0
g9183,0
g442,0
g7548,0
g3877,0
g314,0
g2317,0
g2721,0
g5770,0
g6857,0
g1014,0
g7890,0
g3785,0
g612,0
g5295,0
g3819,0
g874,0
g463,0
g483,0
g5403,0
g5769,0
g859,0
g4635,0
g5796,0
g3043,0
g4830,0
g5293,0
g5521,0
g903,0
g875,0
g8691,0
g2618,0
g2012,0
g1271,0
g4943,0
g1022,0
g479,0
g2905,0
g1269,0
g4864,0
g1712,0
g8783,0
g2906,0
g6093,0
g2247,0
g3746,0
g5638,0
g468,0
g2907,0
g5710,0
g6365,0
g5184,0
g4524,0
g3271,0
g211,0
g6263,0
g8273,0
g7850,0
g927,0
g8632,0
g1499,0
g3272,0
g1664,0
g1090,0
g4079,0
g1724,0
g1556,0
g7467,0
g8737,0
g7538,0
g876,0
g2986,0
g343,0
g2591,0
g968,0
g6472,0
g3197,0
g6299,0
g3333,0
g8924,0
g2160,0
g36,0
g2262,0
g2516,0
g4035,0
g4067,0
g336,0
g3331,0
g6301,0
g7079,0
g9249,0
g2108,0
g2257,0
g4166,0
g3582,0
g2260,0
g6451,0
g4034,0
g6013,0
g4018,0
g6039,0
g7995,0
g5359,0
g9019,0
g1150,0
g2655,0
g4132,0
g6634,0
g6717,0
g5607,0
g9012,0
g4938,0
g1475,0
g346,0
g4958,0
g8340,0
g4557,0
g5257,0
g3190,0
g2954,0
g7888,0
g7741,0
g8308,0
g5794,0
g4952,0
g8305,0
g6078,0
g6060,0
g224,0
g3691,0
g5496,0
g4980,0
g3492,0
g2767,0
g2785,0
g4153,0
g8318,0
g3951,0
g900,0
g8314,0
g9082,0
g6728,0
g7938,0
g9081,0
g8310,0
g8521,0
g9229,0
g2522,0
g6715,0
g3217,0
g8245,0
g5541,0
g3591,0
g7872,0
g1550,0
g7319,0
g7416,0
g7183,0
g7279,0
g5200,0
g3629,0
g8396,0
g8244,0
g781,0
g352,0
g3628,0
g4981,0
g1592,0
g7939,0
g5310,0
g3788,0
g6956,0
g2327,0
g3627,0
g3954,0
g6716,0
g9169,0
g1934,0
g4982,0
g3832,0
g4747,0
g519,0
g734,0
g996,0
g6596,0
g2183,0
g7234,0
g2181,0
g2182,0
g7052,0
g1125,0
g15,0
g8289,0
g5035,0
g6325,0
g212,0
g411,0
g1792,0
g5246,0
g6990,0
g8438,0
g7188,0
g1109,0
g9221,0
g8674,0
g2539,0
g5130,0
g917,0
g8176,0
g8291,0
g8523,0
g838,0
g9247,0
g5061,0
g5143,0
g3778,0
g2390,0
g4366,0
g3615,0
g6260,0
g341,0
g8139,0
g1623,0
g7700,0
g1632,0
g1640,0
g6957,0
g4036,0
g617,0
g735,0
g5625,0
g599,0
g8732,0
g8977,0
g921,0
g4732,0
g576,0
g6894,0
g3789,0
g5553,0
g3195,0
g7770,0
g5845,0
g8093,0
g3956,0
g2424,0
g7783,0
g3831,0
g7413,0
g4641,0
g4939,0
g4183,0
g1323,0
g6259,0
g5466,0
g2903,0
g4726,0
g9252,0
g2239,0
g4241,0
g5556,0
g2428,0
g4896,0
g1355,0
g4723,0
g1332,0
g7776,0
g2045,0
g3790,0
g8326,0
g5991,0
g7585,0
g658,0
g5915,0
g4401,0
g7559,0
g4664,0
g1845,0
g7560,0
g4164,0
g4722,0
g5292,0
g8378,0
g6577,0
g85,0
g2042,0
g1945,0
g3228,0
g5867,0
g2204,0
g7528,0
g3959,0
g3523,0
g6891,0
g7704,0
g516,0
g4214,0
g5906,0
g3337,0
g4727,0
g6449,0
g5617,0
g6727,0
g2447,0
g1506,0
g3930,0
g3137,0
g7798,0
g4373,0
g5664,0
g2869,0
g8487,0
g3069,0
g3971,0
g4898,0
g6498,0
g2933,0
g5183,0
g1598,0
g235,0
g2871,0
g8861,0
g6579,0
g8114,0
g4081,0
g4372,0
g2817,0
g3767,0
g2915,0
g6061,0
g426,0
g8130,0
g8478,0
g597,0
g4118,0
g740,0
g3412,0
g1581,0
g4085,0
g466,0
g5908,0
g2466,0
g423,0
g7189,0
g4087,0
g8891,0
g3645,0
g3092,0
g3318,0
g1027,0
g4577,0
g5805,0
g8976,0
g4114,0
g1573,0
g2225,0
g9087,0
g5777,0
g6586,0
g2340,0
g7024,0
g6354,0
g4821,0
g5320,0
g3098,0
g1333,0
g4591,0
g5102,0
g7027,0
g4116,0
g375,0
g137,0
g808,0
g7763,0
g5358,0
g5357,0
g6135,0
g2782,0
g3354,0
g7034,0
g307,0
g8196,0
g6068,0
g467,0
g4538,0
g3125,0
g1564,0
g806,0
g8694,0
g7953,0
g8798,0
g6584,0
g7449,0
g1494,0
g7028,0
g8820,0
g4828,0
g2844,0
g3697,0
g1122,0
g2763,0
g3121,0
g8197,0
g5962,0
g8888,0
g8952,0
g5718,0
g5986,0
g1563,0
g8849,0
g2343,0
g7720,0
g7985,0
g810,0
g3826,0
g4411,0
g652,0
g7251,0
g7187,0
g5153,0
g7497,0
g7984,0
g3359,0
g7983,0
g7253,0
g3828,0
g2065,0
g4380,0
g1904,0
g6187,0
g7947,0
g1342,0
g528,0
g1897,0
g7509,0
g3506,0
g6604,0
g3383,0
g3200,0
g2255,0
g7697,0
g8671,0
g5492,0
g4567,0
g8806,0
g6770,0
g7372,0
g6771,0
g1832,0
g7282,0
g6102,0
g7375,0
g3351,0
g6395,0
g4918,0
g4920,0
g4807,0
g5649,0
g5929,0
g1807,0
g3350,0
g3294,0
g531,0
g2,0
g7911,0
g5151,0
g5113,0
g3167,0
g8866,0
g1301,0
g6911,0
g5281,0
g1973,0
g5931,0
g1543,0
g4234,0
g1465,0
g4597,0
g5450,0
g3099,0
g6890,0
g7863,0
g7862,0
g9031,0
g907,0
g7924,0
g4237,0
g2487,0
g5932,0
g7747,0
g402,0
g7715,0
g1416,0
g5551,0
g6573,0
g1446,0
g6368,0
g5112,0
g8,0
g7853,0
g6369,0
g1879,0
g274,0
g6349,0
g4012,0
g8149,0
g4768,0
g6562,0
g893,0
g6179,0
g7174,0
g4470,0
g2392,0
g2526,0
g6178,0
g8067,0
g1607,0
g5827,0
g6752,0
g173,0
g6660,0
g7177,0
g4423,0
g433,0
g7388,0
g8058,0
g561,0
g8465,0
g3700,0
g6899,0
g7710,0
g8688,0
g8203,0
g5776,0
g4650,0
g3300,0
g2130,0
g5573,0
g6181,0
g8697,0
g7992,0
g8461,0
g5491,0
g8148,0
g7207,0
g1098,0
g5282,0
g9112,0
g5570,0
g992,0
g6829,0
g835,0
g3376,0
g7567,0
g1466,0
g2548,0
g6658,0
g2394,0
g8767,0
g5280,0
g5641,0
g4517,0
g6873,0
g5691,0
g1610,0
g7542,0
g1100,0
g8057,0
g2595,0
g5515,0
g1404,0
g4929,0
g5643,0
g4609,0
g1955,0
g4405,0
g13,0
g8855,0
g7202,0
g7203,0
g3663,0
g1604,0
g2880,0
g2008,0
g4718,0
g8169,0
g5372,0
g1793,0
g2745,0
g1673,0
g272,0
g1909,0
g6104,0
g44,0
g7044,0
g8911,0
g276,0
g837,0
g2077,0
g2775,0
g7530,0
g3780,0
g6845,0
g8561,0
g443,0
g2480,0
g4048,0
g2482,0
g7867,0
g5275,0
g6526,0
g9202,0
g6012,0
g5028,0
g4335,0
g7745,0
g6448,0
g9063,0
g7307,0
g805,0
g3911,0
g438,0
g4148,0
g49,0
g2079,0
g3011,0
g4658,0
g8035,0
g8022,0
g8050,0
g1436,0
g113,0
g5084,0
g2682,0
g5736,0
g8342,0
g4337,0
g6616,0
g6938,0
g8869,0
g2648,0
g7301,0
g2132,0
g901,0
g1425,0
g447,0
g852,0
g8791,0
g8238,0
g5029,0
g7757,0
g4710,0
g48,0
g4651,0
g5652,0
g6607,0
g1289,0
g2128,0
g6790,0
g6652,0
g2295,0
g7605,0
g5215,0
g4842,0
g1451,0
g6915,0
g8703,0
g7429,0
g2789,0
g2681,0
g6875,0
g7608,0
g1541,0
g5874,0
g2699,0
g5580,0
g1788,0
g3155,0
g6976,0
g107,0
g8815,0
g6016,0
g7472,0
g1982,0
g6800,0
g5848,0
g6338,0
g3395,0
g2406,0
g1444,0
g2950,0
g284,0
g6809,0
g6037,0
g9083,0
g5810,0
g7618,0
g8049,0
g2672,0
g4313,0
g1907,0
g2909,0
g1535,0
g2992,0
g2056,0
g2467,0
g6741,0
g2923,0
g8708,0
g4772,0
g1521,0
g5148,0
g7399,0
g8435,0
g2224,0
g2998,0
g4657,0
g6611,0
g3009,0
g228,0
g7602,0
g8607,0
g3665,0
g6075,0
g8141,0
g6612,0
g8751,0
g8998,0
g2685,0
g6336,0
g8915,0
g2469,0
g8603,0
g6420,0
g1761,0
g3681,0
g5375,0
g792,0
g2677,0
g6926,0
g7789,0
g8350,0
g1912,0
g8407,0
g5976,0
g4926,0
g6337,0
g6761,0
g4418,0
g6011,0
g7905,0
g1908,0
g4029,0
g6377,0
g2133,0
g4528,0
g3286,0
g6919,0
g8738,0
g5237,0
g5904,0
g6820,0
g3808,0
g2715,0
g4995,0
g2569,0
g4414,0
g7421,0
g332,0
g2764,0
g5815,0
g5784,0
g6740,0
g6916,0
g12,0
g8120,0
g6782,0
g2238,0
g8472,0
g6759,0
g7758,0
g6614,0
g6739,0
g9007,0
g803,0
g8899,0
g2993,0
g7427,0
g8533,0
g4109,0
g2078,0
g2740,0
g8818,0
g6753,0
g2951,0
g4102,0
g6640,0
g4934,0
g3202,0
g465,0
g899,0
g5108,0
g4587,0
g321,0
g8032,0
g3484,0
g5067,0
g3486,0
g5315,0
g8194,0
g4945,0
g6191,0
g5774,0
g2947,0
g3820,0
g4112,0
g8240,0
g5854,0
g3066,0
g3801,0
g1094,0
g323,0
g3097,0
g8848,0
g3825,0
g8652,0
g325,0
g4765,0
g2391,0
g4885,0
g9211,0
g6725,0
g7354,0
g4921,0
g6424,0
g4764,0
g4283,0
g1628,0
g118,0
g72,0
g5955,0
g4777,0
g1384,0
g4831,0
g8061,0
g3774,0
g326,0
g4834,0
g350,0
g2356,0
g873,0
g407,0
g7578,0
g2965,0
g6488,0
g6282,0
g800,0
g5353,0
g4104,0
g4242,0
g3821,0
g8449,0
g890,0
g8615,0
g8958,0
g8033,0
g4479,0
g3684,0
g6003,0
g7154,0
g4491,0
g4285,0
g1809,0
g7420,0
g6722,0
g7219,0
g8594,0
g290,0
g949,0
g3824,0
g5299,0
g5285,0
g6189,0
g2673,0
g8034,0
g7790,0
g4890,0
g3420,0
g3822,0
g8966,0
g6137,0
g8867,0
g4861,0
g7614,0
g9145,0
g9133,0
g5037,0
g6862,0
g5261,0
g3809,0
g8213,0
g7610,0
g147,0
g3823,0
g3802,0
g6543,0
g8085,0
g5415,0
g2410,0
g3818,0
g3982,0
g6445,0
g1104,0
g7903,0
g7609,0
g5674,0
g1110,0
g8010,0
g3113,0
g3091,0
g2289,0
g1822,0
g8301,0
g328,0
g4172,0
g6540,0
g5957,0
g3238,0
g9149,0
g8771,0
g5569,0
g2851,0
g9219,0
g7574,0
g7612,0
g4922,0
g6431,0
g8425,0
g130,0
g4321,0
g1811,0
g4278,0
g4873,0
g4113,0
g62,0
g9146,0
g4223,0
g1363,0
g3704,0
g1520,0
g7564,0
g4052,0
g909,0
g857,0
g1370,0
g4891,0
g7339,0
g6067,0
g940,0
g7764,0
g4888,0
g3816,0
g2850,0
g2885,0
g5581,0
g5230,0
g930,0
g8118,0
g959,0
g5384,0
g4003,0
g3366,0
g5015,0
g5032,0
g4077,0
g2216,0
g331,0
g8687,0
g5632,0
g3392,0
g8620,0
g878,0
g7332,0
g6110,0
g8595,0
g5136,0
g8258,0
g8121,0
g8195,0
g2323,0
g4708,0
g5706,0
g2381,0
g351,0
g3477,0
g2070,0
g347,0
g2883,0
g6049,0
g5911,0
g7804,0
g6555,0
g2744,0
g8853,0
g3353,0
g5005,0
g5362,0
g1390,0
g3803,0
g2641,0
g1941,0
g3102,0
g2312,0
g9054,0
g1097,0
g8362,0
g4675,0
g2754,0
g5300,0
g5783,0
g5913,0
g3643,0
g7829,0
g3476,0
g7165,0
g4705,0
g818,0
g264,0
g7688,0
g4993,0
g7464,0
g6267,0
g5629,0
g2711,0
g3355,0
g5830,0
g474,0
g508,0
g1214,0
g5117,0
g8541,0
g5298,0
g3089,0
g7113,0
g4882,0
g8823,0
g6330,0
g1621,0
g6286,0
g1825,0
g4679,0
g4788,0
g3879,0
g3817,0
g3106,0
g4404,0
g8426,0
g6714,0
g1989,0
g7487,0
g6209,0
g6118,0
g2188,0
g4014,0
g3493,0
g5271,0
g9011,0
g1527,0
g5476,0
g2010,0
g100,0
g3804,0
g334,0
g5834,0
g7986,0
g4798,0
g3650,0
g4480,0
g1844,0
g1157,0
g506,0
g3370,0
g2541,0
g1492,0
g342,0
g5616,0
g1250,0
g6482,0
g3777,0
g121,0
g911,0
g7691,0
g2948,0
g8684,0
g4838,0
g8972,0
g8031,0
g5014,0
g5339,0
g3896,0
g4208,0
g1920,0
g6656,0
g3996,0
g1249,0
g4263,0
g2533,0
g2231,0
g9239,0
g4997,0
g3762,0
g609,0
g2084,0
g9138,0
g1824,0
g2127,0
g339,0
g7808,0
g3751,0
g2149,0
g7447,0
g3926,0
g1600,0
g6164,0
g389,0
g410,0
g3520,0
g6411,0
g3173,0
g7492,0
g1265,0
g1329,0
g3463,0
g9154,0
g6515,0
g6527,0
g59,0
g2004,0
g8537,0
g6042,0
g3735,0
g7551,0
g6636,0
g3008,0
g8938,0
g4843,0
g6751,0
g5700,0
g2286,0
g1915,0
g1766,0
g914,0
g3529,0
g6549,0
g9151,0
g8038,0
g4123,0
g1808,0
g7765,0
g5430,0
g4559,0
g7365,0
g8639,0
g4875,0
g3654,0
g8693,0
g7793,0
g4514,0
g8682,0
g5219,0
g4886,0
g2043,0
g6361,0
g8017,0
g5636,0
g6575,0
g8903,0
g8222,0
g5245,0
g7275,0
g8570,0
g1163,0
g3234,0
g7910,0
g1457,0
g5064,0
g6641,0
g5614,0
g7537,0
g3909,0
g3786,0
g5453,0
g4525,0
g8686,0
g3799,0
g5666,0
g2781,0
g2369,0
g2441,0
g5449,0
g2709,0
g1821,0
g4872,0
g2557,0
g2353,0
g7190,0
g4645,0
g549,0
g5427,0
g2829,0
g5078,0
g4264,0
g7520,0
g6679,0
g8091,0
g5013,0
g3495,0
g11,0
g335,0
g5003,0
g2357,0
g7970,0
g1141,0
g4889,0
g6018,0
g9135,0
g8477,0
g4837,0
g545,0
g8968,0
g6889,0
g7579,0
g8558,0
g5748,0
g750,0
g3680,0
g3605,0
g8542,0
g5787,0
g2798,0
g1647,0
g5922,0
g8016,0
g8068,0
g7794,0
g6677,0
g4612,0
g2743,0
g8934,0
g6090,0
g8092,0
g4704,0
g6477,0
g7042,0
g6479,0
g6708,0
g5744,0
g5239,0
g4141,0
g5576,0
g4209,0
g8793,0
g4759,0
g7945,0
g1501,0
g6158,0
g4881,0
g897,0
g4804,0
g7320,0
g6091,0
g5709,0
g5696,0
g4611,0
g6467,0
g2707,0
g3459,0
g7490,0
g8424,0
g5668,0
g2780,0
g6344,0
g1282,0
g889,0
g8721,0
g7245,0
g2419,0
g5096,0
g428,0
g3096,0
g2784,0
g340,0
g645,0
g1362,0
g4806,0
g3191,0
g2864,0
g8912,0
g4142,0
g8518,0
g4775,0
g7494,0
g3472,0
g3607,0
g6595,0
g3241,0
g605,0
g8052,0
g4866,0
g7886,0
g3330,0
g1461,0
g2367,0
g789,0
g6724,0
g4160,0
g6605,0
g392,0
g885,0
g1136,0
g7005,0
g1741,0
g8942,0
g2453,0
g3924,0
g4741,0
g4410,0
g1967,0
g2946,0
g3708,0
g2123,0
g7023,0
g1813,0
g8173,0
g6401,0
g8417,0
g4901,0
g6494,0
g2912,0
g6150,0
g6726,0
g8271,0
g8910,0
g3779,0
g6548,0
g5545,0
g4358,0
g165,0
g2596,0
g8834,0
g6525,0
g1140,0
g6513,0
g7818,0
g2474,0
g6996,0
g7744,0
g3837,0
g2603,0
g5077,0
g3830,0
g7880,0
g498,0
g4996,0
g1622,0
g4555,0
g615,0
g2040,0
g8073,0
g8224,0
g2026,0
g5677,0
g1133,0
g1127,0
g2498,0
g1464,0
g3597,0
g8553,0
g2017,0
g6944,0
g4682,0
g5120,0
g7515,0
g6376,0
g2210,0
g7179,0
g5623,0
g1676,0
g7514,0
g5019,0
g2015,0
g1728,0
g1135,0
g894,0
g8900,0
g1377,0
g8261,0
g7834,0
g769,0
g3526,0
g6045,0
g8192,0
g8877,0
g7508,0
g4195,0
g892,0
g1785,0
g4552,0
g8299,0
g8880,0
g7070,0
g7363,0
g1393,0
g5939,0
g7003,0
g5119,0
g3835,0
g8248,0
g3205,0
g427,0
g6670,0
g1721,0
g5619,0
g1625,0
g5498,0
g2860,0
g6017,0
g8262,0
g945,0
g6043,0
g3561,0
g9017,0
g2945,0
g1601,0
g7674,0
g7284,0
g7364,0
g4917,0
g7619,0
g5877,0
g101,0
g159,0
g5405,0
g2502,0
g2594,0
g7835,0
g7443,0
g8731,0
g7678,0
g5194,0
g4632,0
g9131,0
g1652,0
g1322,0
g5917,0
g5407,0
g8360,0
g8054,0
g7669,0
g6044,0
g3865,0
g3874,0
g4619,0
g6027,0
g6314,0
g2292,0
g3636,0
g3183,0
g5441,0
g2395,0
g3611,0
g3204,0
g3845,0
g6934,0
g3847,0
g4199,0
g3552,0
g7216,0
g7373,0
g4909,0
g9038,0
g7673,0
g8896,0
g1736,0
g6024,0
g4928,0
g1225,0
g5337,0
g8253,0
g3606,0
g8974,0
g8740,0
g8736,0
g2490,0
g7300,0
g5227,0
g7502,0
g6779,0
g557,0
g2696,0
g8175,0
g2893,0
g2499,0
g5918,0
g7667,0
g2716,0
g1430,0
g8228,0
g7742,0
g8722,0
g8104,0
g3162,0
g6026,0
g9048,0
g9205,0
g4906,0
g5162,0
g2815,0
g5735,0
g2422,0
g8606,0
g6917,0
g1831,0
g7209,0
g1198,0
g1719,0
g7139,0
g6895,0
g154,0
g6366,0
g7738,0
g804,0
g2314,0
g7062,0
g6886,0
g6885,0
g1238,0
g495,0
g3537,0
g759,0
g1930,0
g4325,0
g2938,0
g5388,0
g4836,0
g7749,0
g7611,0
g6212,0
g5568,0
g68,0
g7436,0
